Non Enim Mauris Incorporated,https://guardian.co.uk/en-us,"P.O. Box 557, 3177 Phasellus Avenue"
Nullam Velit LLP,https://baidu.com/fr,"953-2405 Adipiscing, Street"
Eget Venenatis A LLP,http://cnn.com/en-us,178-1544 Tempus Avenue
Luctus Vulputate Institute,http://instagram.com/en-us,Ap #598-5484 Gravida Av.
Aliquet Libero Integer LLC,https://zoom.us/user/110,Ap #237-9917 Fringilla St.
Enim Consulting,http://google.com/settings,4365 Id Road
A Nunc LLP,https://yahoo.com/en-ca,"1966 Orci, Rd."
Quisque Tincidunt Pede Incorporated,https://wikipedia.org/en-us,"7163 Non, St."
Enim Etiam Gravida Limited,https://guardian.co.uk/sub/cars,Ap #625-6171 Eget St.
Nec Inc.,https://netflix.com/en-us,Ap #367-3863 Nec Avenue
Etiam Industries,https://nytimes.com/one,9141 Suspendisse Rd.
Et Risus Incorporated,http://youtube.com/en-ca,"Ap #354-552 Montes, Ave"
Nonummy Ut Limited,https://youtube.com/site,3381 Ante. Rd.
Orci Quis Lectus LLC,http://wikipedia.org/site,9629 Ultrices Road
Eu Ligula Associates,https://youtube.com/one,Ap #251-6807 Quam Rd.
Curae Phasellus Limited,https://yahoo.com/sub/cars,821-7283 Dignissim. St.
Nam Interdum Industries,http://bbc.co.uk/site,Ap #268-9761 Viverra. Rd.
Malesuada Corporation,http://facebook.com/en-us,"P.O. Box 244, 7735 Vehicula Avenue"
Id Foundation,https://cnn.com/fr,116-8139 Enim Rd.
Sed Leo Cras Limited,https://ebay.com/fr,Ap #391-7595 Non Road
Magna LLP,http://whatsapp.com/one,9435 Nunc Road
Purus Mauris Institute,http://youtube.com/one,150-7872 Ligula. St.
Mi Duis Industries,http://zoom.us/sub,"P.O. Box 115, 3687 Tortor. Street"
Eu Incorporated,https://naver.com/en-us,"5732 Lobortis, Av."
Mus Proin LLC,http://walmart.com/site,3872 Integer Street
Orci Phasellus LLP,http://instagram.com/group/9,"P.O. Box 332, 3558 Nam St."
Ante Bibendum LLP,https://netflix.com/fr,Ap #781-9967 Dictum St.
Nonummy Company,https://whatsapp.com/sub/cars,"9973 Id, Ave"
Eu Associates,https://cnn.com/one,"Ap #137-1193 Ornare, Av."
Leo Industries,https://youtube.com/settings,"Ap #940-3078 Ac, Ave"
Ipsum Industries,http://netflix.com/en-us,8497 Parturient Avenue
In Nec Orci LLC,http://pinterest.com/sub/cars,6480 Dui Ave
Viverra LLC,http://facebook.com/site,793-5069 Nunc. Rd.
Molestie Tortor Industries,https://zoom.us/site,1943 Ac Street
Pede Cras Vulputate Incorporated,https://zoom.us/settings,"P.O. Box 530, 7217 Justo St."
Et Industries,http://guardian.co.uk/sub/cars,"P.O. Box 103, 6489 Faucibus Street"
Sit Amet Ornare Foundation,https://whatsapp.com/en-us,"P.O. Box 330, 693 Massa. St."
Varius Limited,https://google.com/en-ca,Ap #375-1694 Tempor Road
Donec Sollicitudin Industries,http://twitter.com/sub,677-1981 Ac Avenue
Dis Limited,https://cnn.com/settings,"P.O. Box 587, 1960 Molestie St."
Aliquam Fringilla LLC,https://youtube.com/settings,820-7166 Sit Road
Egestas LLC,https://ebay.com/sub/cars,Ap #793-8529 Fermentum Avenue
Augue Eu Tellus Ltd,https://twitter.com/site,602-6545 Ac Rd.
Vitae Foundation,http://cnn.com/one,"P.O. Box 595, 751 Odio St."
Eu Turpis Nulla Consulting,https://wikipedia.org/en-us,"P.O. Box 669, 6895 Aenean Street"
Diam At Corp.,http://wikipedia.org/one,329-6883 Vel Ave
Vivamus Euismod Urna Inc.,https://zoom.us/en-us,"P.O. Box 360, 2850 Ac Street"
Ipsum Donec Corporation,https://netflix.com/fr,103-6394 Ultricies St.
Non Institute,https://bbc.co.uk/group/9,"P.O. Box 543, 1985 Lectus, Ave"
Ac Feugiat Non LLC,http://nytimes.com/one,Ap #416-1653 Elementum Av.
Nullam Vitae Diam Consulting,http://wikipedia.org/sub/cars,"P.O. Box 503, 7085 A, Av."
Vitae Inc.,https://guardian.co.uk/one,255-1025 Turpis Rd.
Nulla In Institute,http://guardian.co.uk/en-us,Ap #447-6592 Neque Av.
Cras Eget Foundation,https://walmart.com/user/110,Ap #571-436 Molestie. Avenue
Rutrum Non Hendrerit Associates,http://naver.com/en-us,562-2355 Sit Av.
Blandit Mattis Cras LLP,https://twitter.com/en-us,4066 Aliquam St.
Eget Metus Foundation,http://netflix.com/settings,704-4872 Erat Av.
Urna Suscipit Associates,http://reddit.com/site,Ap #467-3296 Sed Rd.
Ornare In Faucibus Ltd,https://wikipedia.org/group/9,997-7421 Congue St.
Sodales LLC,http://twitter.com/fr,124-8698 Diam. Av.
Lorem Ac Risus LLP,https://cnn.com/en-ca,406-5829 Fringilla St.
Adipiscing Elit LLC,https://youtube.com/user/110,Ap #816-9423 Porttitor Road
Pharetra Ut Pharetra Industries,https://cnn.com/en-ca,568-4424 Venenatis Ave
Mollis Nec Cursus Institute,http://wikipedia.org/site,"P.O. Box 777, 9537 Per Av."
Ligula Nullam Feugiat Associates,https://netflix.com/fr,1426 Libero St.
Molestie Orci Associates,https://cnn.com/site,9865 Sed Ave
Leo Ltd,https://instagram.com/en-us,350-3009 Molestie. Ave
Massa Rutrum Consulting,https://nytimes.com/group/9,621 Rhoncus. Ave
Et Corp.,https://bbc.co.uk/sub,4184 Lorem Av.
Dolor Limited,http://zoom.us/sub/cars,"P.O. Box 715, 2185 Fringilla Avenue"
Dignissim Pharetra Limited,https://nytimes.com/en-ca,Ap #465-1280 Justo. Avenue
Ornare Elit Limited,https://twitter.com/group/9,Ap #232-337 Pede Rd.
Ut Associates,https://whatsapp.com/fr,Ap #167-140 Nibh Rd.
Maecenas Malesuada Fringilla LLC,https://zoom.us/one,276-3992 Nulla St.
Aliquet Libero LLC,http://twitter.com/user/110,798-8460 Blandit Av.
Donec PC,http://walmart.com/fr,"P.O. Box 828, 2603 Est. Road"
Dolor Egestas Rhoncus Associates,http://nytimes.com/site,225-8961 Augue Av.
Aenean Egestas LLP,https://bbc.co.uk/sub/cars,590-6511 A Rd.
Risus Nulla Eget Corporation,https://twitter.com/sub/cars,8864 Lacus. Ave
Sed Id Risus PC,https://instagram.com/site,4932 Donec St.
Fermentum Fermentum Arcu Inc.,https://yahoo.com/site,"P.O. Box 471, 1218 Vel Av."
Ultrices Incorporated,https://facebook.com/user/110,849-2546 Fringilla Ave
Nascetur Ridiculus Inc.,http://netflix.com/sub/cars,972-5195 Dui. St.
Proin Mi Inc.,https://guardian.co.uk/sub,Ap #588-8068 Tortor. Ave
Semper Rutrum Consulting,https://instagram.com/group/9,"P.O. Box 511, 5159 Est. Rd."
Suspendisse Aliquet Molestie PC,https://guardian.co.uk/sub/cars,Ap #285-4775 Nec Avenue
Rutrum Justo Company,https://cnn.com/fr,484-5251 Pharetra Av.
Quam Pellentesque Incorporated,http://guardian.co.uk/sub/cars,Ap #621-7245 Arcu. Av.
Aliquam Arcu Aliquam Ltd,http://baidu.com/en-ca,Ap #792-2628 Torquent St.
Ac Institute,https://reddit.com/settings,255-126 Gravida St.
Pede Incorporated,https://youtube.com/group/9,"P.O. Box 914, 7033 A, Rd."
Placerat Velit Associates,https://pinterest.com/one,449-7779 Lectus Street
Fames Ac Limited,https://cnn.com/settings,"P.O. Box 292, 4350 Rutrum Rd."
Sit Foundation,https://baidu.com/settings,"5456 Orci, Ave"
Est Mauris Limited,http://pinterest.com/settings,489-7660 Facilisis Av.
Eu Institute,https://netflix.com/sub,Ap #161-6540 Nisi. St.
Non Leo Industries,http://wikipedia.org/sub,Ap #249-2147 Nulla. Rd.
Nascetur Ridiculus Corp.,https://nytimes.com/group/9,"P.O. Box 401, 4083 Sed Ave"
Ante Ipsum Primis LLC,http://youtube.com/fr,Ap #314-9594 Neque Rd.
Nunc Sed Pede Ltd,https://pinterest.com/fr,599-6219 Eu St.
