"id","name","url","address"
1,"Non Enim Mauris Incorporated","https://guardian.co.uk/en-us","P.O. Box 557, 3177 Phasellus Avenue"
2,"Nullam Velit LLP","https://baidu.com/fr","953-2405 Adipiscing, Street"
3,"Eget Venenatis A LLP","http://cnn.com/en-us","178-1544 Tempus Avenue"
4,"Luctus Vulputate Institute","http://instagram.com/en-us","Ap #598-5484 Gravida Av."
5,"Aliquet Libero Integer LLC","https://zoom.us/user/110","Ap #237-9917 Fringilla St."
6,"Enim Consulting","http://google.com/settings","4365 Id Road"
7,"A Nunc LLP","https://yahoo.com/en-ca","1966 Orci, Rd."
8,"Quisque Tincidunt Pede Incorporated","https://wikipedia.org/en-us","7163 Non, St."
9,"Enim Etiam Gravida Limited","https://guardian.co.uk/sub/cars","Ap #625-6171 Eget St."
10,"Nec Inc.","https://netflix.com/en-us","Ap #367-3863 Nec Avenue"
11,"Etiam Industries","https://nytimes.com/one","9141 Suspendisse Rd."
12,"Et Risus Incorporated","http://youtube.com/en-ca","Ap #354-552 Montes, Ave"
13,"Nonummy Ut Limited","https://youtube.com/site","3381 Ante. Rd."
14,"Orci Quis Lectus LLC","http://wikipedia.org/site","9629 Ultrices Road"
15,"Eu Ligula Associates","https://youtube.com/one","Ap #251-6807 Quam Rd."
16,"Curae Phasellus Limited","https://yahoo.com/sub/cars","821-7283 Dignissim. St."
17,"Nam Interdum Industries","http://bbc.co.uk/site","Ap #268-9761 Viverra. Rd."
18,"Malesuada Corporation","http://facebook.com/en-us","P.O. Box 244, 7735 Vehicula Avenue"
19,"Id Foundation","https://cnn.com/fr","116-8139 Enim Rd."
20,"Sed Leo Cras Limited","https://ebay.com/fr","Ap #391-7595 Non Road"
21,"Magna LLP","http://whatsapp.com/one","9435 Nunc Road"
22,"Purus Mauris Institute","http://youtube.com/one","150-7872 Ligula. St."
23,"Mi Duis Industries","http://zoom.us/sub","P.O. Box 115, 3687 Tortor. Street"
24,"Eu Incorporated","https://naver.com/en-us","5732 Lobortis, Av."
25,"Mus Proin LLC","http://walmart.com/site","3872 Integer Street"
26,"Orci Phasellus LLP","http://instagram.com/group/9","P.O. Box 332, 3558 Nam St."
27,"Ante Bibendum LLP","https://netflix.com/fr","Ap #781-9967 Dictum St."
28,"Nonummy Company","https://whatsapp.com/sub/cars","9973 Id, Ave"
29,"Eu Associates","https://cnn.com/one","Ap #137-1193 Ornare, Av."
30,"Leo Industries","https://youtube.com/settings","Ap #940-3078 Ac, Ave"
31,"Ipsum Industries","http://netflix.com/en-us","8497 Parturient Avenue"
32,"In Nec Orci LLC","http://pinterest.com/sub/cars","6480 Dui Ave"
33,"Viverra LLC","http://facebook.com/site","793-5069 Nunc. Rd."
34,"Molestie Tortor Industries","https://zoom.us/site","1943 Ac Street"
35,"Pede Cras Vulputate Incorporated","https://zoom.us/settings","P.O. Box 530, 7217 Justo St."
36,"Et Industries","http://guardian.co.uk/sub/cars","P.O. Box 103, 6489 Faucibus Street"
37,"Sit Amet Ornare Foundation","https://whatsapp.com/en-us","P.O. Box 330, 693 Massa. St."
38,"Varius Limited","https://google.com/en-ca","Ap #375-1694 Tempor Road"
39,"Donec Sollicitudin Industries","http://twitter.com/sub","677-1981 Ac Avenue"
40,"Dis Limited","https://cnn.com/settings","P.O. Box 587, 1960 Molestie St."
41,"Aliquam Fringilla LLC","https://youtube.com/settings","820-7166 Sit Road"
42,"Egestas LLC","https://ebay.com/sub/cars","Ap #793-8529 Fermentum Avenue"
43,"Augue Eu Tellus Ltd","https://twitter.com/site","602-6545 Ac Rd."
44,"Vitae Foundation","http://cnn.com/one","P.O. Box 595, 751 Odio St."
45,"Eu Turpis Nulla Consulting","https://wikipedia.org/en-us","P.O. Box 669, 6895 Aenean Street"
46,"Diam At Corp.","http://wikipedia.org/one","329-6883 Vel Ave"
47,"Vivamus Euismod Urna Inc.","https://zoom.us/en-us","P.O. Box 360, 2850 Ac Street"
48,"Ipsum Donec Corporation","https://netflix.com/fr","103-6394 Ultricies St."
49,"Non Institute","https://bbc.co.uk/group/9","P.O. Box 543, 1985 Lectus, Ave"
50,"Ac Feugiat Non LLC","http://nytimes.com/one","Ap #416-1653 Elementum Av."
51,"Nullam Vitae Diam Consulting","http://wikipedia.org/sub/cars","P.O. Box 503, 7085 A, Av."
52,"Vitae Inc.","https://guardian.co.uk/one","255-1025 Turpis Rd."
53,"Nulla In Institute","http://guardian.co.uk/en-us","Ap #447-6592 Neque Av."
54,"Cras Eget Foundation","https://walmart.com/user/110","Ap #571-436 Molestie. Avenue"
55,"Rutrum Non Hendrerit Associates","http://naver.com/en-us","562-2355 Sit Av."
56,"Blandit Mattis Cras LLP","https://twitter.com/en-us","4066 Aliquam St."
57,"Eget Metus Foundation","http://netflix.com/settings","704-4872 Erat Av."
58,"Urna Suscipit Associates","http://reddit.com/site","Ap #467-3296 Sed Rd."
59,"Ornare In Faucibus Ltd","https://wikipedia.org/group/9","997-7421 Congue St."
60,"Sodales LLC","http://twitter.com/fr","124-8698 Diam. Av."
61,"Lorem Ac Risus LLP","https://cnn.com/en-ca","406-5829 Fringilla St."
62,"Adipiscing Elit LLC","https://youtube.com/user/110","Ap #816-9423 Porttitor Road"
63,"Pharetra Ut Pharetra Industries","https://cnn.com/en-ca","568-4424 Venenatis Ave"
64,"Mollis Nec Cursus Institute","http://wikipedia.org/site","P.O. Box 777, 9537 Per Av."
65,"Ligula Nullam Feugiat Associates","https://netflix.com/fr","1426 Libero St."
66,"Molestie Orci Associates","https://cnn.com/site","9865 Sed Ave"
67,"Leo Ltd","https://instagram.com/en-us","350-3009 Molestie. Ave"
68,"Massa Rutrum Consulting","https://nytimes.com/group/9","621 Rhoncus. Ave"
69,"Et Corp.","https://bbc.co.uk/sub","4184 Lorem Av."
70,"Dolor Limited","http://zoom.us/sub/cars","P.O. Box 715, 2185 Fringilla Avenue"
71,"Dignissim Pharetra Limited","https://nytimes.com/en-ca","Ap #465-1280 Justo. Avenue"
72,"Ornare Elit Limited","https://twitter.com/group/9","Ap #232-337 Pede Rd."
73,"Ut Associates","https://whatsapp.com/fr","Ap #167-140 Nibh Rd."
74,"Maecenas Malesuada Fringilla LLC","https://zoom.us/one","276-3992 Nulla St."
75,"Aliquet Libero LLC","http://twitter.com/user/110","798-8460 Blandit Av."
76,"Donec PC","http://walmart.com/fr","P.O. Box 828, 2603 Est. Road"
77,"Dolor Egestas Rhoncus Associates","http://nytimes.com/site","225-8961 Augue Av."
78,"Aenean Egestas LLP","https://bbc.co.uk/sub/cars","590-6511 A Rd."
79,"Risus Nulla Eget Corporation","https://twitter.com/sub/cars","8864 Lacus. Ave"
80,"Sed Id Risus PC","https://instagram.com/site","4932 Donec St."
81,"Fermentum Fermentum Arcu Inc.","https://yahoo.com/site","P.O. Box 471, 1218 Vel Av."
82,"Ultrices Incorporated","https://facebook.com/user/110","849-2546 Fringilla Ave"
83,"Nascetur Ridiculus Inc.","http://netflix.com/sub/cars","972-5195 Dui. St."
84,"Proin Mi Inc.","https://guardian.co.uk/sub","Ap #588-8068 Tortor. Ave"
85,"Semper Rutrum Consulting","https://instagram.com/group/9","P.O. Box 511, 5159 Est. Rd."
86,"Suspendisse Aliquet Molestie PC","https://guardian.co.uk/sub/cars","Ap #285-4775 Nec Avenue"
87,"Rutrum Justo Company","https://cnn.com/fr","484-5251 Pharetra Av."
88,"Quam Pellentesque Incorporated","http://guardian.co.uk/sub/cars","Ap #621-7245 Arcu. Av."
89,"Aliquam Arcu Aliquam Ltd","http://baidu.com/en-ca","Ap #792-2628 Torquent St."
90,"Ac Institute","https://reddit.com/settings","255-126 Gravida St."
91,"Pede Incorporated","https://youtube.com/group/9","P.O. Box 914, 7033 A, Rd."
92,"Placerat Velit Associates","https://pinterest.com/one","449-7779 Lectus Street"
93,"Fames Ac Limited","https://cnn.com/settings","P.O. Box 292, 4350 Rutrum Rd."
94,"Sit Foundation","https://baidu.com/settings","5456 Orci, Ave"
95,"Est Mauris Limited","http://pinterest.com/settings","489-7660 Facilisis Av."
96,"Eu Institute","https://netflix.com/sub","Ap #161-6540 Nisi. St."
97,"Non Leo Industries","http://wikipedia.org/sub","Ap #249-2147 Nulla. Rd."
98,"Nascetur Ridiculus Corp.","https://nytimes.com/group/9","P.O. Box 401, 4083 Sed Ave"
99,"Ante Ipsum Primis LLC","http://youtube.com/fr","Ap #314-9594 Neque Rd."
100,"Nunc Sed Pede Ltd","https://pinterest.com/fr","599-6219 Eu St."
