novostivl.ru,novostivl.ru/,Новости Восточной Ленты | Медиахолдинг Levsha Digital,2685989,94
sport-express.ru,sport-express.ru/,СПОРТ-ЭКСПРЕСС,2586333,68
woman.ru,www.woman.ru/,"Woman.ru - интернет для женщин: звезды, мода, красота, мы и мужчины",2519107,67
mail-my,my.mail.ru/,Мой Мир Mail.Ru,2474620,73
Sportbox,www.sportbox.ru,Sportbox.ru,2340417,80
rusprofile.ru,rusprofile.ru/,Rusprofile.ru - бесплатная проверка контрагента,2309628,93
Trashbox,trashbox.ru,Trashbox.ru — Высокие технологии,2283989,75
bfm.ru,bfm.ru/,BFM.ru - деловой портал,2249014,91
forbes.ru,www.forbes.ru/,Forbes Россия,2224598,81
profile.ru,www.profile.ru/,Журнал &quot;Профиль&quot;,2217989,63
eadaily.com,eadaily.com/,ИА Eurasia Daily,2088224,49
360tv,360tv.ru,Телеканал 360°,1968416,92
vokrug.tv,www.vokrug.tv/,"Вокруг ТВ - телегид, телепрограмма и энциклопедия телевидения",1856687,69
edimdoma.ru,edimdoma.ru/,«Едим Дома!» — кулинарная социальная сеть. Рецепты.,1853716,66
ngs_ru,ngs.ru,Независимый Городской Сайт Новосибирска,1814964,86
gdz-raketa.ru,gdz-raketa.ru/,ГДЗ,1797111,91
hsdigital/wn/woman/forum,hsdigital/wn/woman/forum,Woman.ru - Форум,1796142,73
hsdigital/rn/smi/54,news.ngs.ru/,NGS.RU - главные новости Новосибирска. Shkulev Digital,1755314,88
sibkray,sibkray.ru/,sibkrayru,1687499,71
dni.ru,dni.ru/,ДНИ ру - интернет-газета,1683075,60
kp/kpall/kpmsk,msk.kp.ru,MSK.KP.RU: главные новости Москвы,1648043,91
ukraina.ru,ukraina.ru/,ukraina.ru,1637858,89
ridus.ru,ridus.ru/,Ридус,1620474,69
progorod,progorod43.ru,Сеть порталов PRO Город,1605886,90
svpressa,svpressa.ru/,Свободная Пресса / svpressa.ru,1603296,82
regnews,newstula.ru,Региональные новости - региональный медиахолдинг,1572352,95
glavbukh,www.glavbukh.ru,Журнал «Главбух»,1568929,92
film.ru,film.ru/,ФИЛЬМ.РУ: национальный кинопортал,1540748,65
forexpf.ru,www.forexpf.ru/,ProFinance.Ru: | РЫНОК FOREX | НОВОСТИ | ПРОГНОЗЫ | ФОРУМЫ |,1463500,75
26-2.ru,26-2.ru/,&quot;Упрощенка&quot; - все об упрощенной системе налогообложения,1446052,95
